id|title|subreddit|score|ups|downs|num_comments|created
egh54m|The NASDAQ Today|nasdaq|8|8|0|1|2019-12-28 05:24:02
96yp62|U.S. Futures Fall as Turkey Crisis Continues. Nasdaq 100 futures decreased 19 points.|nasdaq|4|4|0|0|2018-08-13 22:21:57
glh1u0|Prediction: Datadog (DDOG) will be at $100 by May 2021|nasdaq|5|5|0|0|2020-05-17 23:15:03
a5gj58|"Nasdaq Announced the Launch of Bitcoin Futures in the First Half of 2019 | CoinCodex TV"|nasdaq|4|4|0|0|2018-12-12 17:06:15
9hcwb9|Dow Jones Leads Stock Market, Nasdaq Down|nasdaq|4|4|0|0|2018-09-20 14:20:28
990ovm|PepsiCo buys SodaStream for $3.2 billion.|nasdaq|4|4|0|1|2018-08-21 14:05:00
98izg3|Nasdaq Again Bounces From 50-Day Average, Retail Sector Leads|nasdaq|4|4|0|0|2018-08-19 16:56:32
fov6mr|Revolut Trading group|nasdaq|3|3|0|0|2020-03-26 02:16:38
fjphjf|Tell me otherwise|nasdaq|3|3|0|6|2020-03-17 02:13:10
f6b65k|AVALON GLOBOCARE - AVCO|nasdaq|3|3|0|1|2020-02-19 22:13:32
ev4hww|I think it's great that FSD Pharma is now a part of NASDAQ|nasdaq|3|3|0|0|2020-01-28 19:40:19
eue6k4|(AVCO) Seeing Large Institutional Buying As Result Of The Recent Pull Back|nasdaq|3|3|0|0|2020-01-27 06:30:34
el88fo|Nasdaq reaching new heights|nasdaq|3|3|0|0|2020-01-07 15:24:29
dbw4a6|Conformis, Inc. (NASDAQ: CFMS) enters into development, license, and distribution agreements with Stryker Corporation|nasdaq|3|3|0|0|2019-10-02 00:46:22
c4p8vc|PCM, Inc. (NASDAQ: PCM) enters into agreement to be acquired by Insight Enterprise, Inc. (NASDAQ: NSIT) for $35 per share, total value of $581 million|nasdaq|3|3|0|0|2019-06-24 22:55:14
c239lt|MoneyGram International, Inc. (NASDAQ: MGI) announces strategic partnership with Ripple|nasdaq|3|3|0|0|2019-06-18 22:59:27
byomhe|$UCSO is at a 65% increase. The company is going current and filings will be updated also theyâ€™re opening their first retail store in Tampa within within the next two weeks|nasdaq|3|3|0|0|2019-06-10 04:22:46
bu5m4q|Soliton, Inc. (NASDAQ: SOLY) receives FDA clearance to market its RAP tech for tattoo removal|nasdaq|3|3|0|0|2019-05-29 05:11:30
a8ftt1|New AI driven Stock Prediction tool now up and running.|nasdaq|3|3|0|0|2018-12-22 07:54:56
a55xfy|NASDAQ ontology|nasdaq|3|3|0|0|2018-12-11 19:14:02
a3ug66|Nasdaq Communications VP Predicts Futures Launch by July 2019|nasdaq|3|3|0|0|2018-12-07 08:45:54
9isqd2|Instagram co-founders resign in latest Facebook executive exit|nasdaq|3|3|0|0|2018-09-25 22:43:58
9gi5f5|Trade war takes a heavy toll on Chinese stocks, and investors|nasdaq|3|3|0|0|2018-09-17 15:08:45
9aedv7|Pepsi hopes to add some fizz to its beverage lineup with SodaStream purchase|nasdaq|3|3|0|0|2018-08-26 17:30:23
8jfvid|NASDAQ Tech to Launch First Cryptocurrency Exchange â€“ Excludes US Customers During Launch|nasdaq|3|3|0|0|2018-05-15 05:04:50
5xvum5|"Trading â€“ Estonia: Nasdaq says Estonia e-voting pilot successful | Cyberscoop"|nasdaq|3|3|0|0|2017-03-07 04:56:20
hcatbq|Used Car Retailer Shift Aims For Back-Door Public Listing|nasdaq|2|2|0|0|2020-06-20 07:00:52
gevr0c|Amd vs Intel vs nvidia|nasdaq|2|2|0|0|2020-05-07 08:02:15
fse28g|4 Stocks That Have soared Over the Past Month|nasdaq|2|2|0|1|2020-03-31 22:40:22
fj9adn|Nasdaq Statement on North American Operations|nasdaq|2|2|0|0|2020-03-16 05:53:21
fcr039|Is the markets making us a surprise or is it a bear trap|nasdaq|2|2|0|2|2020-03-03 15:14:38
fc5rk3|Investing Discord - Free|nasdaq|2|2|0|1|2020-03-02 11:18:36
f9f81c|Mohawk Group Holdings, Inc. (NASDAQ: MWK) Has Strong Institutional Shareholder Backing|nasdaq|2|2|0|0|2020-02-26 03:03:11
f8ud2j|EdtechX (NASDAQ: EDTX): Meten Education (China) Provides Strong Operational Update Amid Coronavirus Outbreak|nasdaq|2|2|0|0|2020-02-25 01:09:44
f796ck|S&P 500 and Nasdaq Hit Records, Dow Is Up Over 100 Points|nasdaq|2|2|0|0|2020-02-21 18:21:06
f6uvcb|Mohawk Group Holdings, Inc. (NASDAQ: MWK) Appoints Bari Harlam to its Board of Directors|nasdaq|2|2|0|0|2020-02-20 23:43:34
f6689o|Huge day today for Avalon GloboCare $AVCO|nasdaq|2|2|0|0|2020-02-19 13:47:45
f2xdf5|How to Ride the Chinese Educational Boom|nasdaq|2|2|0|0|2020-02-13 04:19:58
evuv0n|Upcoming FDA Announcements in February 2020|nasdaq|2|2|0|0|2020-01-30 06:48:37
em0tvv|ShiftPixy, Inc. (NASDAQ: PIXY) completes recapitalization assigning 60% of its contracts for $20 million|nasdaq|2|2|0|0|2020-01-09 07:25:19
eiixy8|SEC looking closely at Chinese based U.S. listed Nasdaq's in 2020|nasdaq|2|2|0|0|2020-01-01 22:37:18
e1tu6o|China|nasdaq|2|2|0|0|2019-11-26 14:11:52
dzq53f|Wah Fu Education Group Limited (NASDAQ: WAFU) announces partnership agreement with Chendu Neusoft University|nasdaq|2|2|0|0|2019-11-22 05:18:13
dxbpxl|Akerna Corp. (NASDAQ: KERN) reports fiscal first quarter 2020 earnings: revenues of $3.2 million, net loss of $2.8 million|nasdaq|2|2|0|0|2019-11-17 03:53:54
dvdbqx|Craft Beer Alliance, Inc. (NASDAQ: BREW) announces Anheuser-Busch InBev (NYSE: BUD) agrees to buy out worth $321 million|nasdaq|2|2|0|0|2019-11-13 01:39:30
dt67n8|Urban Tea, Inc. (NASDAQ: MYT) closes acquisition of 51% equity interest stake in Hunan 39 Pu Tea Co.|nasdaq|2|2|0|0|2019-11-08 07:16:49
dsi3kt|UBER Stock: NO WAY I will invest in|nasdaq|2|2|0|0|2019-11-06 23:47:26
dqzpsg|TOP 3 Stocks to buy in November!|nasdaq|2|2|0|0|2019-11-03 20:25:52
donnzk|BitBall now searchable on Nasdaq stock exchange!|nasdaq|2|2|0|0|2019-10-29 17:59:15
dggn72|Synthesis Energy Systems, Inc. (NASDAQ: SES) announces agreement to acquire Australian Future Energy|nasdaq|2|2|0|0|2019-10-11 23:18:33
dd9y29|SG Blocks, Inc. (NASDAQ: SGBX) signs first licensing agreement to convert residential construction focus to a royalty model|nasdaq|2|2|0|0|2019-10-05 00:46:52
d9i7t5|IGNITE STOCK IPO by DAN BILZERIAN|nasdaq|2|2|0|0|2019-09-26 19:18:20
d3g3c4|Innovus Pharmaceuticals, Inc. (OTCQB: INNV) announces definitive agreement to be acquired by Aytu BioScience, Inc. (NASDAQ: AYTU)|nasdaq|2|2|0|0|2019-09-13 07:06:24
d2fgvc|Francesca's Holdings Corporation (NASDAQ: FRAN) reports fiscal second quarter results: net sales of $106 million on adjusted net income of $2.1 million or $0.72 per adjusted diluted EPS|nasdaq|2|2|0|0|2019-09-11 06:08:20
bz5vxw|Vuzix Corporation (NASDAQ: VUZI) and NNTC announces smart glasses integrated with first fully autonomous AI face recognition system|nasdaq|2|2|0|0|2019-06-11 08:55:17
buu6w0|Organovo Holdings, Inc. (NASDAQ: ONVO) announces collaboration to develop stem cell-based tissue treatments for kidney disease|nasdaq|2|2|0|0|2019-05-30 22:59:28
bb9wqr|ATA, Inc. (NASDAQ: ATAI) announces preliminary acquisition agreement for Chinese educational services for overseas art education|nasdaq|2|2|0|0|2019-04-10 00:20:46
b498uo|What Happened With The Nasdaq And Its Stocks During The Dot.Com Bubble In The 90's?|nasdaq|2|2|0|0|2019-03-23 03:23:09
ain09c|Nasdaq CEO Friedman says Crypto Could Still Become â€˜a Global Currency of the Futureâ€™|nasdaq|2|2|0|0|2019-01-22 21:50:34
abfjaa|The NYSE and NASDAQ will be closed on New Year's Day. Anyone looking to make some trades or buy stocks in the new year will have to wait until January 2 to do so.|nasdaq|2|2|0|2|2019-01-01 13:47:01
a79lvr|S&P 500 And Nasdaq 100 Forecast - Tuesday, Dec. 18|nasdaq|2|2|0|0|2018-12-18 17:32:01
959i3m|Stock Indexes Build Cushion Over 50-Day Line; Nasdaq Win Streak At 5|nasdaq|2|2|0|0|2018-08-07 15:21:20
959htv|Nasdaq posts first 5-day winning streak since May, Facebook rises more than 4%|nasdaq|2|2|0|0|2018-08-07 15:19:59
8u0c8m|Whatâ€™s next after the sharp fall in equities over the last trading days? Todayâ€™s video will provide an updated wave, technical analysis and trading setups for the NASDAQ index.|nasdaq|2|2|0|0|2018-06-26 22:14:18
6r2uen|European stocks open mostly lower, Nasdaq 100 futures indicated a 0.74% climb.|nasdaq|2|2|0|0|2017-08-02 16:36:20
6irvaj|Stock-market bulls are â€˜playing with fire,â€™ says financial blogger|nasdaq|2|2|0|0|2017-06-22 14:57:24
6h6019|Nasdaq futures rise with Amazon, Alphabet higher in premarket|nasdaq|2|2|0|0|2017-06-14 15:30:08
6h5ys0|Nasdaqâ€™s Warning Sign|nasdaq|2|2|0|0|2017-06-14 15:21:09
6h5yqw|Could FANG Stocks Take A Bite Out Of The Nasdaq?|nasdaq|2|2|0|0|2017-06-14 15:20:55
6h5ypv|The NASDAQ 100 Puzzle: This Time Is Different|nasdaq|2|2|0|0|2017-06-14 15:20:41
6gypo1|Apple's Augmented Reality Push Is the Biggest Innovation Since the iPhone|nasdaq|2|2|0|0|2017-06-13 17:06:44
6gyplw|IBM Boosts Cloud Business With $1.7 Billion Deal|nasdaq|2|2|0|0|2017-06-13 17:06:18
hq06to|$CLEU looks like it might be a great day trade this week imo|nasdaq|0|0|0|0|2020-07-13 03:19:04
hhxeon|"NASDAQ Index Chart | NASDAQ Futures Online. NASDAQ 100 Composite Index WKN: 631101102 | ISIN: US6311031081 | Symbol: NDAQ | Typ: Index. NASDAQ-100 index futures, which consists of 100 leading NASDAQ-listed shares."|nasdaq|1|1|0|0|2020-06-29 18:25:05
h9rewu|Edesa Biotech, Inc. (NASDAQ: EDSA) receives approval to begin COVID-19 Phase 2/3 clinical trials from Health Canada|nasdaq|1|1|0|0|2020-06-16 07:23:19
h04ph8|Nasdaq Hits Record High As Amazon, Apple Shares Jump|nasdaq|1|1|0|0|2020-06-10 13:43:14
g2t99j|APM:Aptorum CEO Interview|nasdaq|1|1|0|0|2020-04-17 10:29:52
fq043c|"Meten EdtechX (NASDAQ: EDTX) Warrants, ""EDTXW,"" Provides a More Speculative Approach to Online Chinese Education Market Growth"|nasdaq|1|1|0|0|2020-03-28 00:31:52
flwwsi|Mohawk Group's (NASDAQ: MWK) Fulfillment Platform Made Available to Amazon FBA Sellers Impacted By COVID-19 Crisis|nasdaq|1|1|0|1|2020-03-20 23:30:19
fkovnt|We've reached the watershed in the stock indices now - the bear/bull test has really arrived|nasdaq|1|1|0|0|2020-03-18 20:40:08
fegztk|Third Avenue Management Q4 2019 Portfolio Updates|nasdaq|1|1|0|0|2020-03-07 01:37:52
f14apc|Do not hesitate to share this channel with your friends and family so that we can integrate our VIP for free and that they can benefit from our precise signals and that we can all grow and make profits together ðŸŽ¯âœ…|nasdaq|1|1|0|1|2020-02-09 13:32:45
f0cfvk|EdtechX Holdings (NASDAQ: EDTX) announces merger agreement with Meten Education (China)|nasdaq|1|1|0|0|2020-02-08 00:01:04
ezcyk8|5 Energy Stocks Hedge Funds Are Buying|nasdaq|1|1|0|0|2020-02-06 01:25:10
eucg1g|CEO Adena Friedman said to Bloomberg that Nasdaq is still considering a variant of launching the Bitcoin futures product.|nasdaq|1|1|0|0|2020-01-27 04:34:58
esx6ei|Trade idea for Nas100. Waiting for the breakout of the 9200 level|nasdaq|1|1|0|0|2020-01-24 02:29:18
esmm77|Analysts Are Skeptical of Beyond Meat, Inc. (NASDAQ: BYND)|nasdaq|1|1|0|0|2020-01-23 10:27:16
dwa11b|$SCOR $CLVS $FCEL Stock Watchlist Day Trading Morning ($25,000 Challenge)|nasdaq|1|1|0|0|2019-11-14 22:10:25
drj3py|Wright Medical Group N.V. (NASDAQ: WMGI) enters into definitive agreement to be acquired by Stryker Corporation (NYSE: SYK) for $30.75 per share in cash|nasdaq|1|1|0|0|2019-11-04 23:26:03
dl3n7f|NF Energy Saving Corporation (NASDAQ: BIMI) enters into strategic partnership with Chongqing Shude Pharmaceutical Co., Ltd.|nasdaq|1|1|0|0|2019-10-22 01:13:04
diz4ek|Nasdaq Now Supports Cryptoindex|nasdaq|1|1|0|0|2019-10-17 09:20:20
df1jq2|Asure Software, Inc. (NASDAQ: ASUR) announces sale of its Workspace Management business to FM:Systems for $120 million|nasdaq|1|1|0|0|2019-10-08 23:28:57
d8cq8b|Arotech Corporation (NASDAQ: ARTX) definitive agreement to be acquired by Greenbriar Equity Group affiliate for $3.00 per share cash|nasdaq|1|1|0|0|2019-09-24 04:52:31
d4j5m4|STOCK MARKET WEEK: Trade War, Apple and All-time Highs on Wall Street|nasdaq|1|1|0|0|2019-09-15 19:14:50
cw715u|Ossen Innovation Co., Ltd. (NASDAQ: OSN) reports unaudited six-month financial results showing 18.70% growth in net income|nasdaq|1|1|0|0|2019-08-28 00:43:40
cutsmg|Apple, Inc. (NASDAQ: AAPL) Business Model Under Fire from Trade War|nasdaq|1|1|0|0|2019-08-24 22:06:22
cr5i24|DarioHealth Announces Alliance with DigitalHealth.London As Part of the UK Israel Dangoor Health Initiative|nasdaq|1|1|0|0|2019-08-16 20:11:52
co8jc7|Arcadia Biosciences, Inc. (NASDAQ: RKDA) and Bioceres Crop Solutions Crop. (NYSE: BIOX) joint venture, Verdeca, receives USDA approval of drought-tolerant soybeans|nasdaq|1|1|0|0|2019-08-10 05:05:58
ck0n25|Energy Focus, Inc. (NASDAQ: EFOI) awarded $3 million contract extension with healthcare company|nasdaq|1|1|0|0|2019-07-31 08:22:23
cjuiee|Mylan Gets a Shot in the Arm with Pfizer Merger Deal|nasdaq|1|1|0|0|2019-07-31 00:51:05
cjdozd|Medley Management, Inc. (NYSE: MDLY) announces amended merger agreement with Sierra Income Corp and Medley Capital Corporation (NYSE: MCC)|nasdaq|1|1|0|0|2019-07-30 00:37:15
cgk5gm|Peak Resorts, Inc. (NASDAQ: SKIS) enters into definitive agreement to be acquired by Vail Resorts, Inc. (NYSE: MTN) for $11.00 per share in cash|nasdaq|1|1|0|0|2019-07-23 06:35:40
cc04mv|Revolution Lighting Technologies, Inc. (NASDAQ: RVLT) receives extension to remain on Nasdaq|nasdaq|1|1|0|0|2019-07-12 03:32:49
cb2y2g|Acacia Communications, Inc. (NASDAQ: ACIA) announces definitive agreement to be acquired by Cisco Systems, Inc. (NASDAQ: CSCO) for $2.6 billion|nasdaq|1|1|0|0|2019-07-10 00:14:27
c6gfuf|Avalon GloboCare Corp. (NASDAQ: AVCO) Prepares Commercialization Launch of its ACTEX Platform as Global Regenerative Therapeutics Outlook Looks Robust|nasdaq|1|1|0|0|2019-06-28 13:50:23
c30nsb|Lifeway Foods, Inc. (NASDAQ: LWAY) announces plans to enter CBD market with its Plantiful + CBD beverage|nasdaq|1|1|0|0|2019-06-21 03:51:41
c1oj1j|Sotheby's (NYSE: BID) announced definitive agreement to be acquired by billionaire Patrick Drahi for $3.7 billion|nasdaq|1|1|0|0|2019-06-17 22:59:27
c1jsvf|Fastbase Inc. Retains Maxim Group LLC to Provide Financial Advisory and Investment Banking Services|nasdaq|1|1|0|0|2019-06-17 13:32:47
bzrs9s|4 NASDAQ Smallcaps with Strong Cash Holdings|nasdaq|1|1|0|0|2019-06-12 22:17:39
by03y4|Zumiez, Inc. (NASDAQ: ZUMZ) reports fiscal Q1 2019 earnings: net sales of $212.9 million and net income of $0.8 million|nasdaq|1|1|0|0|2019-06-08 05:29:53
bwonz1|Charts: Avalon GloboCare Corp. (NASDAQ: AVCO) Oversold, Nears Long-Term Support at $2.00|nasdaq|1|1|0|0|2019-06-04 21:24:55
bwhw8w|Nasdaq drops more than 1%, enters correction territory as regulation fears batter big tech|nasdaq|1|1|0|0|2019-06-04 07:55:05
bwcp59|EyeGate Pharmaceuticals, Inc. (NASDAQ: EYEG) receives FDA approval to begin PRK pivotal study|nasdaq|1|1|0|0|2019-06-04 00:31:58
bv8u5y|AMERI Holdings, Inc.'s (NASDAQ: AMRH) Ameri100 provides first proof-of-concept for client migration onto Google Cloud Platform|nasdaq|1|1|0|0|2019-05-31 23:21:30
buiza1|Eltek, Ltd. (NASDAQ: ELTK) skyrockets 384% after first quarter 2019 earnings results showing strong profitability improvements compared to Q1 18|nasdaq|1|1|0|0|2019-05-30 03:26:10
bsityc|Hibbett Sports, Inc. (NASDAQ: HIBB) reports fiscal first quarter results: net sales of $343.4 million and net income of $27.4 million|nasdaq|1|1|0|1|2019-05-25 00:15:07
brb0g3|JMU Limited (NASDAQ: JMU) acquires Unicorn Investment Limited, a blockchain-backed transaction platform|nasdaq|1|1|0|0|2019-05-21 22:22:41
br2gft|Orion Energy Systems, Inc. (NASDAQ: OESX) announces add-on customer commitment for estimated $64 million LED lighting project|nasdaq|1|1|0|0|2019-05-21 06:40:36
bqwvbq|Biocept, Inc. (NASDAQ: BIOC) announces commercial launch of Target Selector liquid biopsy for lung cancer|nasdaq|1|1|0|0|2019-05-20 23:18:59
bqh3vv|Top 5 New Drug Launches of 2019 -- and the Biotech Stocks That Could Win Big|nasdaq|1|1|0|0|2019-05-19 21:45:33
bqh3pv|The Real Danger of Headline Risk: Your Own Reaction|nasdaq|1|1|0|0|2019-05-19 21:45:09
bpvk2u|China's Luckin Coffee IPO lists on Nasdaq|nasdaq|1|1|0|0|2019-05-18 03:26:14
bps1jn|Cray, Inc. (NASDAQ: CRAY) agrees to be acquired by Hewlett Packard Enterprises Company (NYSE: HPE) for $35 per share in cash|nasdaq|1|1|0|1|2019-05-17 22:35:36
bee6rb|Ideal Power, Inc. (NASDAQ: IPWR) enters into an agreement to sell its power conversion business and technology to PATHION for cash/stock|nasdaq|1|1|0|0|2019-04-18 06:49:16
bc19r6|Papa Murphy's Holdings, Inc. (NASDAQ: FRSH) enters into definitive merger agreement with MTY Food Group, Inc. (TSX: MTY), deal valued US$190 million or US$6.45 per share|nasdaq|1|1|0|0|2019-04-11 23:33:15
bawfkz|New Age Beverages Corporation (NASDAQ: NBEV) announces Walmart, Inc. (NYSE: WMT) national distribution deal for Marley brand|nasdaq|1|1|0|1|2019-04-09 01:15:08
b6m500|Soliton, Inc. (SOLY) is looking great!|nasdaq|1|1|0|7|2019-03-29 02:06:16
b5udfe|Bed Bath & Beyond, Inc. (NASDAQ: BBBY) Sees Largest Intraday Gains Since 2000 On Activist Investor Action Plan|nasdaq|1|1|0|0|2019-03-27 03:52:58
b4pet9|Beleaguered Riot Blockchain (NASDAQ: RIOT) Plans U.S. Regulated Cryptocurrency Exchange|nasdaq|1|1|0|0|2019-03-24 07:02:20
b4hj3a|New reports page for AI powered NASDAQ stock predictions|nasdaq|1|1|0|0|2019-03-23 18:06:11
b3xe41|SPI Energy Co., Ltd. (NASDAQ: SPI) subsidiary, SP Orange Power Limited, completes acquisition of HELIOHRISI SA, owner of 1.998 MW of solar projects across Greece|nasdaq|1|1|0|0|2019-03-22 07:05:19
aq6jz0|NASDAQ Website: Symbol not loading (loop)|nasdaq|1|1|0|0|2019-02-13 21:24:55
anql37|Alphabet, unlike Amazon, doesnâ€™t get a pass on spending â€” does that make it a better investment?|nasdaq|1|1|0|0|2019-02-06 21:15:15
ag8z52|Futures Higher â€“ BreakOut Update, Shorts to Watch|nasdaq|1|1|0|0|2019-01-15 22:22:31
ae4tdb|NYSE â€“ US Stock Market Holiday Calendar 2019|nasdaq|1|1|0|0|2019-01-09 16:18:07
adsns3|Nasdaq: Crypto Exchange to Tokenize US Stocks Like Tesla, Facebook and Apple|nasdaq|1|1|0|0|2019-01-08 17:35:48
a0jgn5|S&P 500 and Nasdaq Forecast|nasdaq|1|1|0|0|2018-11-26 21:46:47
9n8lua|A former COO of major US stock exchange NASDAQ subsidiary is expected to join Gemini to streamline its operations and clients services.|nasdaq|1|1|0|0|2018-10-11 18:07:40
8t10dh|Free Market Tips|nasdaq|1|1|0|0|2018-06-22 20:39:22
8j3oah|Adena Friedman, CEO of Nasdaq, Very Optimistic About the Future of Cryptocurrencies|nasdaq|1|1|0|0|2018-05-13 21:11:28
8hry30|This Week On Wall Street (April 29, 2018 To May 6, 2018)This podcast will cover earnings and news from these companies DOW, S&P500, Nasdaq, Oil, Gas, Facebook, Tesla, Amazon, Apple, AT&T, Boeing, Disney and much more!|nasdaq|1|1|0|0|2018-05-08 07:16:42
8fqa05|Nasdaq Wants To Enter The Cryptographic Money Sector|nasdaq|1|1|0|0|2018-04-29 17:06:17
82g549|Best Stock Service|nasdaq|1|1|0|0|2018-03-07 00:04:50
7x0krc|Yandex and Uber Complete the Combination of Their Ride-Sharing Businesses in Russia and Neighboring Countries|nasdaq|1|1|0|0|2018-02-12 21:03:18
7nk9ac|#2 Financial News Story of 2017: The Markets|nasdaq|1|1|0|0|2018-01-02 12:53:43
7gm7zg|Le Nasdaq proposera des contrats Ã  terme sur Bitcoin|nasdaq|1|1|0|0|2017-11-30 21:11:05
7g35qu|Nasdaq is ready to leverage blockchain for the protection of its clients from fraudsters|nasdaq|1|1|0|0|2017-11-28 18:07:32
7fem2c|Nasdaq; un systÃ¨me de vote Blockchain en construction|nasdaq|1|1|0|0|2017-11-25 19:10:21
7bsvxl|Nasdaq: conventional investing is still more popular than ICO|nasdaq|1|1|0|0|2017-11-09 20:04:59
6gypbv|Nasdaq, S&P 500 close lower a second day as tech stocks slump|nasdaq|1|1|0|0|2017-06-13 17:03:56
6gypaw|Nasdaq posts biggest 2-day slide since December as tech stocks fall|nasdaq|1|1|0|0|2017-06-13 17:03:38
6gyp9i|What sparked the Nasdaqs worst two-session, tech-fueled rout in 9 months|nasdaq|1|1|0|0|2017-06-13 17:03:22
5t6khf|Does anyone know any apps or websites with very little or no fees that you can buy shares of Nasdaq trading but I am in the uk?|nasdaq|1|1|0|1|2017-02-10 18:32:48
5m1qdd|Cash Account Definition: Day Trading Terminology|nasdaq|1|1|0|0|2017-01-05 04:55:40
4eh5re|"This NQ futures double top brought to you by the letter M.The last time this happened in a micro-trend the market fell 40 points. No clue where this ones going though with the ""good"" news in oil supporting the market."|nasdaq|1|1|0|0|2016-04-13 01:29:00
4a6orz|Is GoPro Inc (NASDAQ:GPRO) ready to rally?|nasdaq|1|1|0|0|2016-03-13 10:36:50
hebzel|NYSE Seeks Permit For More Direct Listings|nasdaq|0|0|0|0|2020-06-23 18:14:17
gwrp0e|Mohawk Group (NASDAQ: MWK) announces preliminary May 2020 net revenue increased approximately 105%|nasdaq|0|0|0|0|2020-06-05 06:22:09
givls2|Benefits for multinational corporations to buy government tax-exempt bonds|nasdaq|0|0|0|0|2020-05-13 17:19:22
g69kgn|How to Play the COVID-19 Vaccine Race|nasdaq|0|0|0|0|2020-04-23 05:13:34
g1stf9|GAN Could See Its Shares Listed on NASDAQ This Month|nasdaq|0|0|0|0|2020-04-15 22:20:49
fwh178|How Can I Contribute in Times of COVID-19?|nasdaq|0|0|0|0|2020-04-07 16:45:09
fw0z65|Top 10 Institutional Shareholders of American Airlines (NASDAQ: AAL)|nasdaq|0|0|0|0|2020-04-06 23:43:32
fnfcln|Nasdaq Statement on Nordic and Baltic Operations|nasdaq|0|0|0|0|2020-03-23 14:33:43
e8r3u0|Is Avalon GloboCare ready to bounce?!|nasdaq|0|0|0|0|2019-12-10 22:14:03
acfbku|Bitcoin Surges Up, Nasdaq Futures Plunges 1.84% to Open 2019|nasdaq|0|0|0|0|2019-01-04 14:17:08
865uel|How did this blockchain company FRAUDED Wall Street? Click for more|nasdaq|0|0|0|0|2018-03-22 05:05:43
7us544|STOCK MARKET BUBBLE - SELL EVERYTHING & GET INTO CASH ASAP 2/1/17 1:44 P...|nasdaq|0|0|0|1|2018-02-02 23:44:58
